{
  "threshold": 0.2599999999999999,
  "accuracy": 0.676762338401496,
  "precision": 0.41798190523000744,
  "recall": 0.6613286481660162,
  "f1": 0.5122221912383926,
  "roc_auc": 0.73343636207928,
  "pr_auc": 0.4994147137253547,
  "confusion_matrix": [
    [
      137195,
      63944
    ],
    [
      23517,
      45922
    ]
  ],
  "classification_report": "              precision    recall  f1-score   support\n\n           0       0.85      0.68      0.76    201139\n           1       0.42      0.66      0.51     69439\n\n    accuracy                           0.68    270578\n   macro avg       0.64      0.67      0.64    270578\nweighted avg       0.74      0.68      0.70    270578\n"
}