{
  "threshold": 0.5,
  "accuracy": 0.6933416611845753,
  "precision": 0.4328970850684117,
  "recall": 0.6287820965163669,
  "f1": 0.5127687185479657,
  "roc_auc": 0.7366634446084004,
  "pr_auc": 0.504742145185805,
  "confusion_matrix": [
    [
      143941,
      57198
    ],
    [
      25777,
      43662
    ]
  ],
  "classification_report": "              precision    recall  f1-score   support\n\n           0       0.85      0.72      0.78    201139\n           1       0.43      0.63      0.51     69439\n\n    accuracy                           0.69    270578\n   macro avg       0.64      0.67      0.64    270578\nweighted avg       0.74      0.69      0.71    270578\n"
}