{
  "threshold": 0.45999999999999985,
  "accuracy": 0.670231873988277,
  "precision": 0.4099279933728414,
  "recall": 0.6484972421837872,
  "f1": 0.5023258408165542,
  "roc_auc": 0.7208367708935672,
  "pr_auc": 0.4827838437303457,
  "confusion_matrix": [
    [
      136319,
      64820
    ],
    [
      24408,
      45031
    ]
  ],
  "classification_report": "              precision    recall  f1-score   support\n\n           0       0.85      0.68      0.75    201139\n           1       0.41      0.65      0.50     69439\n\n    accuracy                           0.67    270578\n   macro avg       0.63      0.66      0.63    270578\nweighted avg       0.74      0.67      0.69    270578\n"
}