{
  "threshold": 0.5,
  "accuracy": 0.7039707588939234,
  "precision": 0.4405213587465964,
  "recall": 0.568498970319273,
  "f1": 0.4963942383260715,
  "roc_auc": 0.7208367708935672,
  "pr_auc": 0.4827838437303457,
  "confusion_matrix": [
    [
      151003,
      50136
    ],
    [
      29963,
      39476
    ]
  ],
  "classification_report": "              precision    recall  f1-score   support\n\n           0       0.83      0.75      0.79    201139\n           1       0.44      0.57      0.50     69439\n\n    accuracy                           0.70    270578\n   macro avg       0.64      0.66      0.64    270578\nweighted avg       0.73      0.70      0.71    270578\n"
}