{
  "threshold": 0.4699999999999998,
  "accuracy": 0.6713480031635979,
  "precision": 0.41423503833390546,
  "recall": 0.677717133023229,
  "f1": 0.5141876905258788,
  "roc_auc": 0.7366634446084004,
  "pr_auc": 0.504742145185805,
  "confusion_matrix": [
    [
      134592,
      66547
    ],
    [
      22379,
      47060
    ]
  ],
  "classification_report": "              precision    recall  f1-score   support\n\n           0       0.86      0.67      0.75    201139\n           1       0.41      0.68      0.51     69439\n\n    accuracy                           0.67    270578\n   macro avg       0.64      0.67      0.63    270578\nweighted avg       0.74      0.67      0.69    270578\n"
}